reference_id,source_owner,source_type,title,url,published_or_effective_at,accessed_at,viewpoint,claim_supported,license_reuse_note,access_note,workpaper_sha256,ship_source_bytes
MR001,Hagag Group,official developer render,Einstein Tower gallery 01,https://www.hagag-group.co.il/Uploads/2023/01/ZNww5uByuTRPva.jpg,2023-01,2026-08-14,close elevated tower facade,"white mineral tower; solid punched-window side; stacked glass and terrace facade; crown setback","All rights presumed held by source owner; visual-reference use only; no redistribution or texture use","Public image on live target project gallery",da533a6a6e95b9daf2b5a15ecd6da7adce4776995e3e10de3d88980d07710fd2,false
MR002,Hagag Group,official developer aerial render,Einstein Tower gallery 02,https://www.hagag-group.co.il/Uploads/2023/01/8mc53qNqkkbGe2.jpg,2023-01,2026-08-14,oblique night aerial,"one slender tower plus two closely paired boutique volumes; continuous podium; corner condition; broad perpendicular streets","All rights presumed held by source owner; visual-reference use only; no redistribution or texture use","Public image on live target project gallery",a8f6ea559c03083938b709d6d505800a9ab68669586720de195975915cbd018f,false
MR003,Hagag Group,official developer aerial render,Einstein Tower gallery 03,https://www.hagag-group.co.il/Uploads/2023/01/0PkUJfNxeAhHnp.jpg,2023-01,2026-08-14,oblique daylight aerial,"white massing; paired boutique roof terraces; glass balcony stacks; street-facing commercial base; one frontage shown with future transit illustration","All rights presumed held by source owner; visual-reference use only; no redistribution or texture use","Public image on live target project gallery",5b8d1a09e79dbba32c0f83727458c1713a2350a8e7dbe1f5c14c0b76403bc5d9,false
MR004,Ynet / VIEWPOINT,secondary published render,Einstein 33 render,https://ynet-pic1.yit.co.il/cdn-cgi/image/f=auto%2Cw=740%2Cq=75/picserver6/crop_images/2026/01/20/HyJl711TrZx/HyJl711TrZx_0_0_3000_2000_0_x-large.jpg,2026-01-20,2026-08-14,oblique daylight aerial,"corroborates three-building white composition and corner podium; labels render as Einstein 33","Copyright Ynet/VIEWPOINT; analysis-only visual reference; no redistribution or texture use","Public image embedded in Ynet report; secondary and project-label scope requires caution",a98233f2e0b994f83a70ea3310cb4e50f8232e0fba2780be7a43e6dd53710a87,false
MR005,Hagag Group,official developer page,EINSTEIN TOWER,https://www.hagag-group.co.il/projects/ResidentProjects/einstein_tower,live_no_visible_date,2026-08-14,project composition text,"28-floor tower beside two 13-floor boutique buildings above commercial areas; Einstein-Levi Eshkol corner","Developer marketing copyright; facts may be cited with scope; no source media shipped","Public target page; not BIM or permit geometry",,false
MR006,Hagag Group,public-company filing,2025 annual report project snapshot,https://www.hagag-group.co.il/Uploads/2026/04/rln33jws7WiMM6.pdf,2025-12-31,2026-08-14,project/parcel text and tables,"parcel 6885/32; 5,099 sqm; tower plus two 13-residential-floor buildings above double commercial base","Public filing; citation/reference only; no extracted art shipped","Company/date bounded; not a dimensioned BIM package",,false
MR007,Israel Land Authority / Planning Administration,statutory allocation appendix,Plan 507-0594929 allocation tables,https://apps.land.gov.il/IturTabotData/takanonim-h/telmer/5050295.pdf,2018-05-07,2026-08-14,parcel/allocation tables,"parcel 6885/32 area 5,099 sqm and mixed commercial/residential planning context","Public planning record; reference only","Does not provide an approved facade or current survey crosswalk",,false
MR008,Tel Aviv-Yafo Municipality,municipal planning protocol,"Architectural-design committee protocol 20-0005; plan 4695(1)",https://www.tel-aviv.gov.il/Residents/Development/DocLib/%D7%A4%D7%A8%D7%95%D7%98%D7%95%D7%A7%D7%95%D7%9C%2020-0005%20%D7%9E%D7%99%D7%95%D7%9D%201-4-20.pdf,2020-04-01,2026-08-14,planning-area diagrams/text,"area-C/lot-33 planning scope; commercial base; maximum planning heights; public-realm level connections","Public planning record; reference only; no extracted drawing is shipped","Design permission scope; not as-built/BIM or exact current facade",,false
MR009,Tel Aviv-Yafo Municipality,municipal GIS query,Parcel and address geometry for block 6885 parcel 32,https://gisn.tel-aviv.gov.il/arcgis/rest/services/IView2/MapServer/527/query?f=json&where=ms_gush%3D6885%20AND%20ms_chelka%3D32&outFields=t_ktovet_melea%2Ct_rechov%2Cms_bayit%2Cknisa%2Ct_bayit_veknisa%2Cms_gush%2Cms_chelka%2Clon%2Clat%2Cdate_import&returnGeometry=true&outSR=2039,layer_import_2026-08-13,2026-08-14,municipal parcel/address context,"parcel 32 points: Einstein 14 (34.788033 32.111886); Einstein 16 (34.788360 32.111894); Einstein 16A (34.788614 32.111910); Levi Eshkol 53 (34.788908 32.111662); establishes dual-frontage context","Municipal open GIS reference; no map tiles or screenshots shipped","Administrative GIS is not a survey or contract schedule; current GLB lacks a signed building-to-parcel transform",,false
MR010,NTA,official construction notice,Infrastructure works at Levi Eshkol-Einstein junction,https://www.nta.co.il/%D7%97%D7%93%D7%A9%D7%95%D7%AA/%D7%A2%D7%91%D7%95%D7%93%D7%95%D7%AA-%D7%AA%D7%A9%D7%AA%D7%99%D7%AA-%D7%91%D7%A9%D7%98%D7%97-%D7%94%D7%90%D7%AA%D7%A8-%D7%91%D7%A6%D7%95%D7%9E%D7%AA-%D7%A9%D7%93%D7%A8%D7%95%D7%AA-%D7%9C%D7%95%D7%99-%D7%90%D7%A9%D7%9B%D7%95%D7%9C-%D7%90%D7%99%D7%99%D7%A0%D7%A9%D7%98%D7%99%D7%99%D7%9F-16726/,2026-07-16,2026-08-14,exact-junction works context,"active Green Line infrastructure work at the named junction; validates construction-context caution only","Official public notice; no source image reused","One-night notice; not project-building construction photography and not a final street layout",,false
MR011,Calcalist,secondary status report,Bareket financing for Einstein 33A and 35,https://www.calcalist.co.il/real-estate/article/b1hfsjpb11x,2026-01-20,2026-08-14,project status and published VIEWPOINT render,"reports excavation/shoring started for target and embeds a white three-volume VIEWPOINT render","Copyright Calcalist/VIEWPOINT; text/render are reference-only; no bytes shipped","Secondary; two-project financing scope; render does not prove current built form",,false
MR012,Project TLV,independent dated construction photography,Einstein project page and March 2025 street/site photographs,https://project-tlv.info/buildings/einstein/%D7%A4%D7%A8%D7%95%D7%99%D7%A7%D7%98-%D7%9E%D7%92%D7%93%D7%9C-%D7%90%D7%99%D7%A0%D7%A9%D7%98%D7%99%D7%99%D7%9F/,2025-03,2026-08-14,street/site/hoarding context,"site signage says Einstein 14 and Hagag; hoarding shows the three-volume marketing composition; public photographs show fenced earthworks","Project TLV states its photographs are copyright-protected; analysis/citation only; no redistribution hotlink or texture use","Dated photos establish site identity and works context only; hoarding renders do not prove built or approved geometry",,false
MR013,Hagag Group,older official developer page,Einstein BLVD,https://www.hagag-group.co.il/projects/ResidentProjects/%D7%94%D7%92%D7%95%D7%A9_%D7%94%D7%92%D7%93%D7%95%D7%9C_-_%D7%90%D7%99%D7%99%D7%A0%D7%A9%D7%98%D7%99%D7%99%D7%9F_BLVD,live_no_visible_date,2026-08-14,older project composition text,"28-floor tower plus two 12-floor buildings and a commercial floor","Developer marketing copyright; facts may be cited with scope; no media shipped","Conflicts with current target page and 2025 filing stating two 13-floor boutique buildings above a double commercial base; never average",,false
MR014,Israel Land Authority / Planning Administration,official plan drawing appendix,Plan 507-0594929 broad construction sheet 4_1,https://apps.land.gov.il/IturTabotData/nispachim/telmer/5050295/4_1.pdf,undated_plan_appendix,2026-08-14,broad multi-parcel plan sheet,"no project-specific geometry claim admitted","Public planning record; reference only; no extracted drawing shipped","Single extremely wide sheet and broader scope could not source-grade or calibrate parcel-32 footprint; retained as evidence backlog",,false
MR015,Israel Land Authority / Planning Administration,official plan drawing appendix,Plan 507-0594929 broad construction sheet 4_2,https://apps.land.gov.il/IturTabotData/nispachim/telmer/5050295/4_2.pdf,undated_plan_appendix,2026-08-14,broad multi-parcel plan sheet,"no project-specific geometry claim admitted","Public planning record; reference only; no extracted drawing shipped","No signed building-to-parcel transform admitted; retained as evidence backlog",,false
MR016,Project TLV,independent dated construction photograph,Einstein project sign,https://project-tlv.info/wp-content/uploads/2025/03/20250329_120645.jpg,2025-03-29,2026-08-14,close street view,"site sign says Einstein 14; Hagag mark; contractor Arbel Gabay; sign carries the same three-volume marketing composition","Project TLV states photographs are copyright-protected; analysis/citation only; no redistribution hotlink or texture use","Proves displayed site identity on the capture date; the sign render is not built/approved geometry",,false
MR017,Project TLV,independent dated construction photograph,Einstein Tower street hoarding,https://project-tlv.info/wp-content/uploads/2025/03/20250329_120619.jpg,2025-03-29,2026-08-14,street-facing hoarding,"EINSTEIN TOWER branding and three marketing-render panels at the fenced site","Project TLV states photographs are copyright-protected; analysis/citation only; no redistribution hotlink or texture use","Proves site presentation on the capture date; hoarding art is not a construction record",,false
MR018,Project TLV,independent dated construction photograph,Hoarding tower and boutique render,https://project-tlv.info/wp-content/uploads/2025/03/20250329_120535.jpg,2025-03-29,2026-08-14,close hoarding panel,"panel depicts a tall rectilinear tower with one recessed balcony strip beside two lower volumes","Project TLV states photographs are copyright-protected; analysis/citation only; no redistribution hotlink or texture use","Derivative photograph of marketing art; official Hagag renders remain the primary visual-language source",,false
MR019,Project TLV,independent dated construction photograph,Hoarding public-realm visualization,https://project-tlv.info/wp-content/uploads/2025/03/20250329_120545.jpg,2025-03-29,2026-08-14,close hoarding panel,"panel depicts retail-frontage cues; planted plaza/grade transition; red cycle-path illustration","Project TLV states photographs are copyright-protected; analysis/citation only; no redistribution hotlink or texture use","Illustration only; no cycle path plaza tenant or finished-grade promise may be inferred",,false
MR020,Project TLV,independent dated construction photograph,Fenced Einstein site and earthworks,https://project-tlv.info/wp-content/uploads/2025/03/20250329_120737.jpg,2025-03-29,2026-08-14,public street/site view,"fenced earthworks with site silos/equipment on the capture date","Project TLV states photographs are copyright-protected; analysis/citation only; no redistribution hotlink or texture use","Construction context only; does not support final architecture or present-day status",,false
MR021,Project TLV,independent dated construction photograph,Wider Einstein site frontage,https://project-tlv.info/wp-content/uploads/2025/03/20250329_120523.jpg,2025-03-29,2026-08-14,wider public street view,"Hagag-branded fence and construction access on the capture date","Project TLV states photographs are copyright-protected; analysis/citation only; no redistribution hotlink or texture use","Construction context only; does not support final architecture or present-day status",,false
MR022,Horizon Group,secondary branded brochure,Einstein project English brochure,https://horizongroup.co.il/wp-content/uploads/2025/09/%D7%97%D7%95%D7%91%D7%A8%D7%AA-%D7%90%D7%99%D7%99%D7%A0%D7%A9%D7%98%D7%99%D7%99%D7%9F-%D7%90%D7%A0%D7%92%D7%9C%D7%99%D7%AA-%D7%90%D7%A4%D7%A8%D7%99%D7%9C-2024.pdf,brochure_labels_april_2024,2026-08-14,secondary composition/render pages,"pages 9-12 repeat the 28 plus 13 plus 13 composition and official-render visual cues","Secondary branded brochure; reference only; no extracted art shipped","Adds no safer geometry than official Hagag sources and repeatedly labels visualizations illustrative",,false
