source_file,link_or_asset,status
disclosure.html,assets/css/site.css,ok
disclosure.html,index.html,ok
disclosure.html,index.html#projects,ok
disclosure.html,guides/how-planning-works.html,ok
disclosure.html,guides/infrastructure-2026.html,ok
disclosure.html,sources.html,ok
disclosure.html,disclosure.html,ok
disclosure.html,index.html,ok
disclosure.html,projects/ayalon-roof.html,ok
disclosure.html,projects/sde-dov.html,ok
disclosure.html,projects/sde-dov-participation.html,ok
disclosure.html,projects/northwest-3700.html,ok
disclosure.html,projects/kikar-atarim.html,ok
disclosure.html,projects/kfir-renewal.html,ok
disclosure.html,projects/hatikva-reparcelation.html,ok
disclosure.html,projects/southeast-renewal.html,ok
disclosure.html,projects/levana-renewal.html,ok
disclosure.html,projects/ramat-hatayasim.html,ok
disclosure.html,projects/florentin.html,ok
disclosure.html,projects/neot-afeka-b.html,ok
disclosure.html,projects/neve-avivim.html,ok
disclosure.html,projects/yad-eliyahu.html,ok
disclosure.html,projects/carmel-market.html,ok
disclosure.html,projects/central-station.html,ok
disclosure.html,sources.html,ok
disclosure.html,disclosure.html,ok
disclosure.html,assets/js/site.js,ok
guides/how-planning-works.html,../assets/css/site.css,ok
guides/how-planning-works.html,../index.html,ok
guides/how-planning-works.html,../index.html#projects,ok
guides/how-planning-works.html,../guides/how-planning-works.html,ok
guides/how-planning-works.html,../guides/infrastructure-2026.html,ok
guides/how-planning-works.html,../sources.html,ok
guides/how-planning-works.html,../disclosure.html,ok
guides/how-planning-works.html,../index.html,ok
guides/how-planning-works.html,../assets/img/how-planning-works.png,ok
guides/how-planning-works.html,../sources.html,ok
guides/how-planning-works.html,../disclosure.html,ok
guides/how-planning-works.html,../assets/js/site.js,ok
guides/infrastructure-2026.html,../assets/css/site.css,ok
guides/infrastructure-2026.html,../index.html,ok
guides/infrastructure-2026.html,../index.html#projects,ok
guides/infrastructure-2026.html,../guides/how-planning-works.html,ok
guides/infrastructure-2026.html,../guides/infrastructure-2026.html,ok
guides/infrastructure-2026.html,../sources.html,ok
guides/infrastructure-2026.html,../disclosure.html,ok
guides/infrastructure-2026.html,../index.html,ok
guides/infrastructure-2026.html,../assets/img/infrastructure-2026.png,ok
guides/infrastructure-2026.html,../sources.html,ok
guides/infrastructure-2026.html,../disclosure.html,ok
guides/infrastructure-2026.html,../assets/js/site.js,ok
guides/public-buildings.html,../assets/css/site.css,ok
guides/public-buildings.html,../index.html,ok
guides/public-buildings.html,../index.html#projects,ok
guides/public-buildings.html,../guides/how-planning-works.html,ok
guides/public-buildings.html,../guides/infrastructure-2026.html,ok
guides/public-buildings.html,../sources.html,ok
guides/public-buildings.html,../disclosure.html,ok
guides/public-buildings.html,../index.html,ok
guides/public-buildings.html,../assets/img/public-buildings.png,ok
guides/public-buildings.html,../sources.html,ok
guides/public-buildings.html,../disclosure.html,ok
guides/public-buildings.html,../assets/js/site.js,ok
index.html,assets/css/site.css,ok
index.html,index.html,ok
index.html,index.html#projects,ok
index.html,guides/how-planning-works.html,ok
index.html,guides/infrastructure-2026.html,ok
index.html,sources.html,ok
index.html,disclosure.html,ok
index.html,assets/img/index.png,ok
index.html,assets/img/ayalon-roof.png,ok
index.html,projects/ayalon-roof.html,ok
index.html,assets/img/sde-dov.png,ok
index.html,projects/sde-dov.html,ok
index.html,assets/img/sde-dov-participation.png,ok
index.html,projects/sde-dov-participation.html,ok
index.html,assets/img/northwest-3700.png,ok
index.html,projects/northwest-3700.html,ok
index.html,assets/img/kikar-atarim.png,ok
index.html,projects/kikar-atarim.html,ok
index.html,assets/img/kfir-renewal.png,ok
index.html,projects/kfir-renewal.html,ok
index.html,assets/img/hatikva-reparcelation.png,ok
index.html,projects/hatikva-reparcelation.html,ok
index.html,assets/img/southeast-renewal.png,ok
index.html,projects/southeast-renewal.html,ok
index.html,assets/img/levana-renewal.png,ok
index.html,projects/levana-renewal.html,ok
index.html,assets/img/ramat-hatayasim.png,ok
index.html,projects/ramat-hatayasim.html,ok
index.html,assets/img/florentin.png,ok
index.html,projects/florentin.html,ok
index.html,assets/img/neot-afeka-b.png,ok
index.html,projects/neot-afeka-b.html,ok
index.html,assets/img/neve-avivim.png,ok
index.html,projects/neve-avivim.html,ok
index.html,assets/img/yad-eliyahu.png,ok
index.html,projects/yad-eliyahu.html,ok
index.html,assets/img/carmel-market.png,ok
index.html,projects/carmel-market.html,ok
index.html,assets/img/central-station.png,ok
index.html,projects/central-station.html,ok
index.html,assets/img/how-planning-works.png,ok
index.html,guides/how-planning-works.html,ok
index.html,assets/img/infrastructure-2026.png,ok
index.html,guides/infrastructure-2026.html,ok
index.html,assets/img/public-buildings.png,ok
index.html,guides/public-buildings.html,ok
index.html,disclosure.html,ok
index.html,sources.html,ok
index.html,sources.html,ok
index.html,disclosure.html,ok
index.html,assets/js/site.js,ok
projects/ayalon-roof.html,../assets/css/site.css,ok
projects/ayalon-roof.html,../index.html,ok
projects/ayalon-roof.html,../index.html#projects,ok
projects/ayalon-roof.html,../guides/how-planning-works.html,ok
projects/ayalon-roof.html,../guides/infrastructure-2026.html,ok
projects/ayalon-roof.html,../sources.html,ok
projects/ayalon-roof.html,../disclosure.html,ok
projects/ayalon-roof.html,../index.html,ok
projects/ayalon-roof.html,../index.html#projects,ok
projects/ayalon-roof.html,../assets/img/ayalon-roof.png,ok
projects/ayalon-roof.html,../projects/sde-dov.html,ok
projects/ayalon-roof.html,../guides/infrastructure-2026.html,ok
projects/ayalon-roof.html,../guides/how-planning-works.html,ok
projects/ayalon-roof.html,../sources.html,ok
projects/ayalon-roof.html,../disclosure.html,ok
projects/ayalon-roof.html,../assets/js/site.js,ok
projects/carmel-market.html,../assets/css/site.css,ok
projects/carmel-market.html,../index.html,ok
projects/carmel-market.html,../index.html#projects,ok
projects/carmel-market.html,../guides/how-planning-works.html,ok
projects/carmel-market.html,../guides/infrastructure-2026.html,ok
projects/carmel-market.html,../sources.html,ok
projects/carmel-market.html,../disclosure.html,ok
projects/carmel-market.html,../index.html,ok
projects/carmel-market.html,../index.html#projects,ok
projects/carmel-market.html,../assets/img/carmel-market.png,ok
projects/carmel-market.html,../projects/florentin.html,ok
projects/carmel-market.html,../projects/central-station.html,ok
projects/carmel-market.html,../guides/infrastructure-2026.html,ok
projects/carmel-market.html,../sources.html,ok
projects/carmel-market.html,../disclosure.html,ok
projects/carmel-market.html,../assets/js/site.js,ok
projects/central-station.html,../assets/css/site.css,ok
projects/central-station.html,../index.html,ok
projects/central-station.html,../index.html#projects,ok
projects/central-station.html,../guides/how-planning-works.html,ok
projects/central-station.html,../guides/infrastructure-2026.html,ok
projects/central-station.html,../sources.html,ok
projects/central-station.html,../disclosure.html,ok
projects/central-station.html,../index.html,ok
projects/central-station.html,../index.html#projects,ok
projects/central-station.html,../assets/img/central-station.png,ok
projects/central-station.html,../projects/florentin.html,ok
projects/central-station.html,../projects/yad-eliyahu.html,ok
projects/central-station.html,../guides/how-planning-works.html,ok
projects/central-station.html,../sources.html,ok
projects/central-station.html,../disclosure.html,ok
projects/central-station.html,../assets/js/site.js,ok
projects/florentin.html,../assets/css/site.css,ok
projects/florentin.html,../index.html,ok
projects/florentin.html,../index.html#projects,ok
projects/florentin.html,../guides/how-planning-works.html,ok
projects/florentin.html,../guides/infrastructure-2026.html,ok
projects/florentin.html,../sources.html,ok
projects/florentin.html,../disclosure.html,ok
projects/florentin.html,../index.html,ok
projects/florentin.html,../index.html#projects,ok
projects/florentin.html,../assets/img/florentin.png,ok
projects/florentin.html,../projects/carmel-market.html,ok
projects/florentin.html,../projects/central-station.html,ok
projects/florentin.html,../guides/infrastructure-2026.html,ok
projects/florentin.html,../sources.html,ok
projects/florentin.html,../disclosure.html,ok
projects/florentin.html,../assets/js/site.js,ok
projects/hatikva-reparcelation.html,../assets/css/site.css,ok
projects/hatikva-reparcelation.html,../index.html,ok
projects/hatikva-reparcelation.html,../index.html#projects,ok
projects/hatikva-reparcelation.html,../guides/how-planning-works.html,ok
projects/hatikva-reparcelation.html,../guides/infrastructure-2026.html,ok
projects/hatikva-reparcelation.html,../sources.html,ok
projects/hatikva-reparcelation.html,../disclosure.html,ok
projects/hatikva-reparcelation.html,../index.html,ok
projects/hatikva-reparcelation.html,../index.html#projects,ok
projects/hatikva-reparcelation.html,../assets/img/hatikva-reparcelation.png,ok
projects/hatikva-reparcelation.html,../projects/southeast-renewal.html,ok
projects/hatikva-reparcelation.html,../projects/kfir-renewal.html,ok
projects/hatikva-reparcelation.html,../guides/how-planning-works.html,ok
projects/hatikva-reparcelation.html,../sources.html,ok
projects/hatikva-reparcelation.html,../disclosure.html,ok
projects/hatikva-reparcelation.html,../assets/js/site.js,ok
projects/kfir-renewal.html,../assets/css/site.css,ok
projects/kfir-renewal.html,../index.html,ok
projects/kfir-renewal.html,../index.html#projects,ok
projects/kfir-renewal.html,../guides/how-planning-works.html,ok
projects/kfir-renewal.html,../guides/infrastructure-2026.html,ok
projects/kfir-renewal.html,../sources.html,ok
projects/kfir-renewal.html,../disclosure.html,ok
projects/kfir-renewal.html,../index.html,ok
projects/kfir-renewal.html,../index.html#projects,ok
projects/kfir-renewal.html,../assets/img/kfir-renewal.png,ok
projects/kfir-renewal.html,../projects/southeast-renewal.html,ok
projects/kfir-renewal.html,../projects/levana-renewal.html,ok
projects/kfir-renewal.html,../guides/how-planning-works.html,ok
projects/kfir-renewal.html,../sources.html,ok
projects/kfir-renewal.html,../disclosure.html,ok
projects/kfir-renewal.html,../assets/js/site.js,ok
projects/kikar-atarim.html,../assets/css/site.css,ok
projects/kikar-atarim.html,../index.html,ok
projects/kikar-atarim.html,../index.html#projects,ok
projects/kikar-atarim.html,../guides/how-planning-works.html,ok
projects/kikar-atarim.html,../guides/infrastructure-2026.html,ok
projects/kikar-atarim.html,../sources.html,ok
projects/kikar-atarim.html,../disclosure.html,ok
projects/kikar-atarim.html,../index.html,ok
projects/kikar-atarim.html,../index.html#projects,ok
projects/kikar-atarim.html,../assets/img/kikar-atarim.png,ok
projects/kikar-atarim.html,../projects/carmel-market.html,ok
projects/kikar-atarim.html,../guides/how-planning-works.html,ok
projects/kikar-atarim.html,../projects/sde-dov.html,ok
projects/kikar-atarim.html,../sources.html,ok
projects/kikar-atarim.html,../disclosure.html,ok
projects/kikar-atarim.html,../assets/js/site.js,ok
projects/levana-renewal.html,../assets/css/site.css,ok
projects/levana-renewal.html,../index.html,ok
projects/levana-renewal.html,../index.html#projects,ok
projects/levana-renewal.html,../guides/how-planning-works.html,ok
projects/levana-renewal.html,../guides/infrastructure-2026.html,ok
projects/levana-renewal.html,../sources.html,ok
projects/levana-renewal.html,../disclosure.html,ok
projects/levana-renewal.html,../index.html,ok
projects/levana-renewal.html,../index.html#projects,ok
projects/levana-renewal.html,../assets/img/levana-renewal.png,ok
projects/levana-renewal.html,../projects/southeast-renewal.html,ok
projects/levana-renewal.html,../projects/kfir-renewal.html,ok
projects/levana-renewal.html,../projects/ramat-hatayasim.html,ok
projects/levana-renewal.html,../sources.html,ok
projects/levana-renewal.html,../disclosure.html,ok
projects/levana-renewal.html,../assets/js/site.js,ok
projects/neot-afeka-b.html,../assets/css/site.css,ok
projects/neot-afeka-b.html,../index.html,ok
projects/neot-afeka-b.html,../index.html#projects,ok
projects/neot-afeka-b.html,../guides/how-planning-works.html,ok
projects/neot-afeka-b.html,../guides/infrastructure-2026.html,ok
projects/neot-afeka-b.html,../sources.html,ok
projects/neot-afeka-b.html,../disclosure.html,ok
projects/neot-afeka-b.html,../index.html,ok
projects/neot-afeka-b.html,../index.html#projects,ok
projects/neot-afeka-b.html,../assets/img/neot-afeka-b.png,ok
projects/neot-afeka-b.html,../projects/neve-avivim.html,ok
projects/neot-afeka-b.html,../projects/ramat-hatayasim.html,ok
projects/neot-afeka-b.html,../guides/how-planning-works.html,ok
projects/neot-afeka-b.html,../sources.html,ok
projects/neot-afeka-b.html,../disclosure.html,ok
projects/neot-afeka-b.html,../assets/js/site.js,ok
projects/neve-avivim.html,../assets/css/site.css,ok
projects/neve-avivim.html,../index.html,ok
projects/neve-avivim.html,../index.html#projects,ok
projects/neve-avivim.html,../guides/how-planning-works.html,ok
projects/neve-avivim.html,../guides/infrastructure-2026.html,ok
projects/neve-avivim.html,../sources.html,ok
projects/neve-avivim.html,../disclosure.html,ok
projects/neve-avivim.html,../index.html,ok
projects/neve-avivim.html,../index.html#projects,ok
projects/neve-avivim.html,../assets/img/neve-avivim.png,ok
projects/neve-avivim.html,../projects/neot-afeka-b.html,ok
projects/neve-avivim.html,../projects/northwest-3700.html,ok
projects/neve-avivim.html,../guides/how-planning-works.html,ok
projects/neve-avivim.html,../sources.html,ok
projects/neve-avivim.html,../disclosure.html,ok
projects/neve-avivim.html,../assets/js/site.js,ok
projects/northwest-3700.html,../assets/css/site.css,ok
projects/northwest-3700.html,../index.html,ok
projects/northwest-3700.html,../index.html#projects,ok
projects/northwest-3700.html,../guides/how-planning-works.html,ok
projects/northwest-3700.html,../guides/infrastructure-2026.html,ok
projects/northwest-3700.html,../sources.html,ok
projects/northwest-3700.html,../disclosure.html,ok
projects/northwest-3700.html,../index.html,ok
projects/northwest-3700.html,../index.html#projects,ok
projects/northwest-3700.html,../assets/img/northwest-3700.png,ok
projects/northwest-3700.html,../projects/sde-dov.html,ok
projects/northwest-3700.html,../guides/how-planning-works.html,ok
projects/northwest-3700.html,../guides/infrastructure-2026.html,ok
projects/northwest-3700.html,../sources.html,ok
projects/northwest-3700.html,../disclosure.html,ok
projects/northwest-3700.html,../assets/js/site.js,ok
projects/ramat-hatayasim.html,../assets/css/site.css,ok
projects/ramat-hatayasim.html,../index.html,ok
projects/ramat-hatayasim.html,../index.html#projects,ok
projects/ramat-hatayasim.html,../guides/how-planning-works.html,ok
projects/ramat-hatayasim.html,../guides/infrastructure-2026.html,ok
projects/ramat-hatayasim.html,../sources.html,ok
projects/ramat-hatayasim.html,../disclosure.html,ok
projects/ramat-hatayasim.html,../index.html,ok
projects/ramat-hatayasim.html,../index.html#projects,ok
projects/ramat-hatayasim.html,../assets/img/ramat-hatayasim.png,ok
projects/ramat-hatayasim.html,../projects/yad-eliyahu.html,ok
projects/ramat-hatayasim.html,../projects/levana-renewal.html,ok
projects/ramat-hatayasim.html,../guides/how-planning-works.html,ok
projects/ramat-hatayasim.html,../sources.html,ok
projects/ramat-hatayasim.html,../disclosure.html,ok
projects/ramat-hatayasim.html,../assets/js/site.js,ok
projects/sde-dov-participation.html,../assets/css/site.css,ok
projects/sde-dov-participation.html,../index.html,ok
projects/sde-dov-participation.html,../index.html#projects,ok
projects/sde-dov-participation.html,../guides/how-planning-works.html,ok
projects/sde-dov-participation.html,../guides/infrastructure-2026.html,ok
projects/sde-dov-participation.html,../sources.html,ok
projects/sde-dov-participation.html,../disclosure.html,ok
projects/sde-dov-participation.html,../index.html,ok
projects/sde-dov-participation.html,../index.html#projects,ok
projects/sde-dov-participation.html,../assets/img/sde-dov-participation.png,ok
projects/sde-dov-participation.html,../projects/sde-dov.html,ok
projects/sde-dov-participation.html,../guides/how-planning-works.html,ok
projects/sde-dov-participation.html,../projects/northwest-3700.html,ok
projects/sde-dov-participation.html,../sources.html,ok
projects/sde-dov-participation.html,../disclosure.html,ok
projects/sde-dov-participation.html,../assets/js/site.js,ok
projects/sde-dov.html,../assets/css/site.css,ok
projects/sde-dov.html,../index.html,ok
projects/sde-dov.html,../index.html#projects,ok
projects/sde-dov.html,../guides/how-planning-works.html,ok
projects/sde-dov.html,../guides/infrastructure-2026.html,ok
projects/sde-dov.html,../sources.html,ok
projects/sde-dov.html,../disclosure.html,ok
projects/sde-dov.html,../index.html,ok
projects/sde-dov.html,../index.html#projects,ok
projects/sde-dov.html,../assets/img/sde-dov.png,ok
projects/sde-dov.html,../projects/sde-dov-participation.html,ok
projects/sde-dov.html,../projects/northwest-3700.html,ok
projects/sde-dov.html,../guides/infrastructure-2026.html,ok
projects/sde-dov.html,../sources.html,ok
projects/sde-dov.html,../disclosure.html,ok
projects/sde-dov.html,../assets/js/site.js,ok
projects/southeast-renewal.html,../assets/css/site.css,ok
projects/southeast-renewal.html,../index.html,ok
projects/southeast-renewal.html,../index.html#projects,ok
projects/southeast-renewal.html,../guides/how-planning-works.html,ok
projects/southeast-renewal.html,../guides/infrastructure-2026.html,ok
projects/southeast-renewal.html,../sources.html,ok
projects/southeast-renewal.html,../disclosure.html,ok
projects/southeast-renewal.html,../index.html,ok
projects/southeast-renewal.html,../index.html#projects,ok
projects/southeast-renewal.html,../assets/img/southeast-renewal.png,ok
projects/southeast-renewal.html,../projects/kfir-renewal.html,ok
projects/southeast-renewal.html,../projects/levana-renewal.html,ok
projects/southeast-renewal.html,../projects/ramat-hatayasim.html,ok
projects/southeast-renewal.html,../sources.html,ok
projects/southeast-renewal.html,../disclosure.html,ok
projects/southeast-renewal.html,../assets/js/site.js,ok
projects/yad-eliyahu.html,../assets/css/site.css,ok
projects/yad-eliyahu.html,../index.html,ok
projects/yad-eliyahu.html,../index.html#projects,ok
projects/yad-eliyahu.html,../guides/how-planning-works.html,ok
projects/yad-eliyahu.html,../guides/infrastructure-2026.html,ok
projects/yad-eliyahu.html,../sources.html,ok
projects/yad-eliyahu.html,../disclosure.html,ok
projects/yad-eliyahu.html,../index.html,ok
projects/yad-eliyahu.html,../index.html#projects,ok
projects/yad-eliyahu.html,../assets/img/yad-eliyahu.png,ok
projects/yad-eliyahu.html,../projects/ramat-hatayasim.html,ok
projects/yad-eliyahu.html,../projects/hatikva-reparcelation.html,ok
projects/yad-eliyahu.html,../guides/how-planning-works.html,ok
projects/yad-eliyahu.html,../sources.html,ok
projects/yad-eliyahu.html,../disclosure.html,ok
projects/yad-eliyahu.html,../assets/js/site.js,ok
sources.html,assets/css/site.css,ok
sources.html,index.html,ok
sources.html,index.html#projects,ok
sources.html,guides/how-planning-works.html,ok
sources.html,guides/infrastructure-2026.html,ok
sources.html,sources.html,ok
sources.html,disclosure.html,ok
sources.html,index.html,ok
sources.html,sources.html,ok
sources.html,disclosure.html,ok
sources.html,assets/js/site.js,ok
