"fact_id","category","field","buyer_question","status","value","unit","scope","as_of","source_title","source_url","source_type","accessed","confidence","contradiction_or_caveat","answer_owner","required_document_or_api","ux_requirement"
"TH2-001","identity","project_name","What project is this?","verified","ToHa2 / ToHaTwo","","Project commonly identified by owners and project team","2026-08-10","Amot ToHa2 asset page","https://www.amot.co.il/en/assets/toha-2-phase-2-of-the-toha-towers-complex-estimated-occupancy-q1-2027/","owner project page","2026-08-10","high","Spelling varies between ToHa2 and ToHaTwo; retain one canonical ID and aliases.","Amot and Gav-Yam asset management","Current project identity and brand standard","Show canonical name plus aliases; never create duplicate inventory."
"TH2-002","identity","statutory_plan","Which legal plan governs the site?","verified","507-0442822 / TA/MK/4052","","Entire statutory site","Plan document current in public portal","Statutory plan regulations","https://apps.land.gov.il/IturTabotData/takanonim-h/telmer/5050425.pdf","official planning document","2026-08-10","high","Permitted uses and maxima are not proof of as-built delivery.","Owner project manager and Tel Aviv planning authority","Latest permit set and as-built deviation register","Link plan ID and distinguish approved from delivered."
"TH2-003","identity","site_area","How large is the statutory site?","verified","17.399","dunam","Plan area for the mixed ToHa site","Statutory plan","Statutory plan regulations","https://apps.land.gov.il/IturTabotData/takanonim-h/telmer/5050425.pdf","official planning document","2026-08-10","high","Not the tower footprint and not rentable area.","Tel Aviv planning authority","Statutory plan geometry/API","Label scope beside number."
"TH2-004","identity","legal_addresses","Which addresses are legally associated with the site?","verified","Yigal Alon 114/116/118; HaShalom 1/3/5; Totzeret HaAretz 2/4/6/8","","Statutory site","Statutory plan","Statutory plan regulations","https://apps.land.gov.il/IturTabotData/takanonim-h/telmer/5050425.pdf","official planning document","2026-08-10","high","Legal/site addresses do not identify the operating entrance.","Owner project manager and municipality","As-built wayfinding and municipal entrance addressing","Show legal address separately from visitor entrance."
"TH2-005","identity","municipal_parcel","Which cadastral parcel contains the address points?","verified","Block 7094 parcel 142","","Municipal address points for HaShalom 1 and Yigal Alon 118","2026-08-10","Tel Aviv address GIS layer","https://gisn.tel-aviv.gov.il/arcgis/rest/services/IView2/MapServer/527","official municipal GIS","2026-08-10","high","Parcel identity does not define demise or title rights.","Municipality and owner counsel","Current title extract and parcel map","Expose source and coordinate precision."
"TH2-006","identity","reference_coordinate","Where should a neutral map pin be placed?","derived","34.795453,32.073075","longitude,latitude","Municipal HaShalom 1 address point used for research calculations","2026-08-10","Tel Aviv address query API","https://gisn.tel-aviv.gov.il/arcgis/rest/services/IView2/MapServer/527/query","official municipal GIS API","2026-08-10","high","This is an address point, not a verified pedestrian or garage entrance.","Owner project manager","Signed entrance coordinate schedule and as-built wayfinding","Call it reference point; do not route visitors here as an entrance."
"TH2-007","identity","visitor_entrance","Which entrance should a first-time visitor use?","missing","Not publicly verified","","Pedestrian visitor entrance","2026-08-10","Amot ToHa2 asset page","https://www.amot.co.il/en/assets/toha-2-phase-2-of-the-toha-towers-complex-estimated-occupancy-q1-2027/","owner project page","2026-08-10","low","Owner material uses multiple street identities and does not publish an as-built entrance itinerary.","Owner project manager and building operator","Signed as-built wayfinding plan with entrance coordinates, photos and opening date","One-click route must start at exact visitor entrance."
"TH2-008","identity","accessible_entrance","Where is the step-free public entrance?","missing","Not publicly verified","","Continuous accessible arrival route","2026-08-10","Tel Aviv architectural approval protocol","https://www.tel-aviv.gov.il/Residents/Development/DocLib/%D7%A4%D7%A8%D7%95%D7%98%D7%95%D7%A7%D7%95%D7%9C%20%D7%94%D7%97%D7%9C%D7%98%D7%95%D7%AA%2021-0004%20%D7%9E%D7%99%D7%95%D7%9D%2010-2-2021.pdf","official municipal design approval","2026-08-10","low","Planning accessibility intent is not an as-built journey.","Owner accessibility consultant and operator","Final accessibility certificate and continuous-route drawing","Show step-free entrance, gradients, doors, lifts and disruptions."
"TH2-009","identity","garage_entrance","Where do staff and visitors enter the garage?","missing","Not publicly verified","","Final operating garage entrance","2026-08-10","Statutory plan regulations","https://apps.land.gov.il/IturTabotData/takanonim-h/telmer/5050425.pdf","official planning document","2026-08-10","low","Plan allows ramp adjustments during design; planned location is not as-built proof.","Owner project manager and parking operator","As-built traffic/parking plan and entrance coordinates","Separate car, taxi, courier and bicycle routing."
"TH2-010","ownership","ownership_share","Who owns the project rights?","verified","Amot and Gav-Yam jointly and equally; Amot share 50%","percent","Project rights","Q1 2026","Amot Q1-2026 financial statements","https://www.amot.co.il/wp-content/uploads/2026/05/Amot_financial_statements_Q1-2026.pdf","owner financial report","2026-08-10","high","Does not identify exact lease-signing entity or lender consents.","Owner counsel","Ownership chart, contracting authority and title/rights report","Show owner identity but do not imply contracting authority."
"TH2-011","ownership","land_rights_term","How long do the public land rights run?","verified","Public owner material describes lease rights through 2108","year","Project land rights","2022-2025 public reporting","Amot project presentation","https://mayafiles.tase.co.il/rpdf/1628001-1629000/P1628208-00.pdf","owner/TASE presentation","2026-08-10","medium","Tenant counsel still needs current title, renewal, encumbrance and non-disturbance analysis.","Owner counsel","Current land-lease abstract, title extract and encumbrance report","Provide redacted rights summary in data room."
"TH2-012","ownership","lease_signing_entity","Which legal entity will sign my lease?","missing","Not publicly verified","","Exact premises and transaction","2026-08-10","Amot Q1-2026 financial statements","https://www.amot.co.il/wp-content/uploads/2026/05/Amot_financial_statements_Q1-2026.pdf","owner financial report","2026-08-10","low","Joint ownership does not identify contracting vehicle or signatory authority.","Amot/Gav-Yam owner counsel","Corporate ownership chart, board authority, signatory certificate and lender consents","Display legal entity only when approved for the deal."
"TH2-013","delivery","construction_stage","What is the latest verified construction stage?","verified","Skeleton complete; envelope, finishes and systems progressing","","Entire ToHa2 project","Q1 2026 reporting","Amot Q1-2026 financial statements","https://www.amot.co.il/wp-content/uploads/2026/05/Amot_financial_statements_Q1-2026.pdf","owner financial report","2026-08-10","high","A live Amot marketing page still says construction will begin and is stale.","Owner project manager","Monthly certified progress report and photo log","Show current stage, report date and milestone evidence."
"TH2-014","delivery","form4_forecast","When is Form 4 expected?","verified","Expected by end of 2026","","Project-level owner forecast","Q1 2026 reporting","Amot Q1-2026 financial statements","https://www.amot.co.il/wp-content/uploads/2026/05/Amot_financial_statements_Q1-2026.pdf","owner financial report","2026-08-10","medium","Forecast is not a certificate and may change.","Owner project manager and Tel Aviv municipality","Issued Form 4, current critical path and authority tracker","Use pending/issued state, never treat forecast as approval."
"TH2-015","delivery","completion_date","When will construction complete?","contradicted","End-Aug 2026 contractor works; Oct 2026 architect; Q4 2026 owner page; Form 4 end-2026 owner report","","Different milestones and source scopes","2023-2026","Gav-Yam ToHaTwo page","https://gav-yam.co.il/en/project/tel-aviv-tohatwo/","owner project page","2026-08-10","medium","Dates may refer to works, completion, Form 4 or marketing occupancy; not normalized.","Owner project manager","Contractual milestone schedule with definitions and monthly updates","Show a milestone timeline, not one opening date."
"TH2-016","delivery","occupancy_date","When can a tenant actually operate?","owner_claim","Q1 2027 advertised occupancy/Google lease start","","Project and Google transaction","Q1 2026","Amot ToHa2 asset page","https://www.amot.co.il/en/assets/toha-2-phase-2-of-the-toha-towers-complex-estimated-occupancy-q1-2027/","owner project page","2026-08-10","medium","No floor-specific access, fit-out or business-opening date is public.","Owner project manager and leasing team","Floor-specific handover schedule, Form 4, early-access license and work letter","Separate early access, handover, rent start and business opening."
"TH2-017","delivery","form4_certificate","Has Form 4 been issued?","missing","No issued certificate was publicly located","","Entire ToHa2 project","2026-08-10","Amot Q1-2026 financial statements","https://www.amot.co.il/wp-content/uploads/2026/05/Amot_financial_statements_Q1-2026.pdf","owner financial report","2026-08-10","medium","The owner forecast itself indicates it was future as of Q1 2026.","Owner project manager and municipality","Issued Form 4 / occupancy certificate with scope and date","Disable Available now until documentary status supports it."
"TH2-018","delivery","tenant_early_access","When may fit-out contractors enter?","missing","Not publicly verified","","Floor-specific tenant access","2026-08-10","Amot ToHa2 asset page","https://www.amot.co.il/en/assets/toha-2-phase-2-of-the-toha-towers-complex-estimated-occupancy-q1-2027/","owner project page","2026-08-10","low","Project occupancy date does not establish early-access rights.","Owner project manager and leasing legal team","Early-access license, logistics rules and floor milestone schedule","Show date, conditions, dependencies and delay remedies."
"TH2-019","availability","signed_share","How much of the building is under signed agreements?","verified","Approximately 45","percent of leasable area","Project-level; exact denominator and floor stack not public","Q1 2026","Amot Q1-2026 financial statements","https://www.amot.co.il/wp-content/uploads/2026/05/Amot_financial_statements_Q1-2026.pdf","owner financial report","2026-08-10","high","Does not reveal holds, LOIs, tenant identities or exact available floors.","Joint Amot/Gav-Yam leasing team","Current CRM stacking plan","Show project-level signed share only with as-of date."
"TH2-020","availability","available_share","How much is still available?","missing","Not safely derivable from 45% signed","","Floor/suite inventory","2026-08-10","Amot Q1-2026 financial statements","https://www.amot.co.il/wp-content/uploads/2026/05/Amot_financial_statements_Q1-2026.pdf","owner financial report","2026-08-10","low","Unsigned space may be in hold, LOI, legal negotiation, withheld, public or technical states.","Joint Amot/Gav-Yam leasing team","Timestamped CRM availability export with state taxonomy","Never calculate available as 100 minus signed."
"TH2-021","availability","available_floors","Which exact floors can I lease?","missing","No public live floor list","","Floor-by-floor","2026-08-10","Gav-Yam ToHaTwo page","https://gav-yam.co.il/en/project/tel-aviv-tohatwo/","owner project page","2026-08-10","low","Marketing form and building total do not constitute inventory.","Joint Amot/Gav-Yam leasing team","Timestamped stacking plan with floor IDs, suite polygons, state, area and approver","Every selectable floor needs state and expiry."
"TH2-022","availability","google_area","How much space has Google committed to?","verified","Approximately 60,000","sqm","Non-partitioned office area in upper part of ToHa2","Q1 2026","Amot Q1-2026 financial statements","https://www.amot.co.il/wp-content/uploads/2026/05/Amot_financial_statements_Q1-2026.pdf","owner financial report","2026-08-10","high","Approximate; no public exact floor IDs or area certificate.","Joint owner leasing/legal team","Redacted executed lease stacking exhibit and area schedule","Show approximate scope, not guessed floors."
"TH2-023","availability","google_floors","Which floors are leased to Google?","missing","Upper part; owner article says roughly 24 floors but gives no IDs","","Google premises","2024-2026","Gav-Yam Google transaction article","https://gav-yam.co.il/en/the-largest-rental-deal-in-israel-google-will-rent-a-third-of-the-toha2-tower-in-tel-aviv-for-115-million-shekels-per-year/","owner transaction article","2026-08-10","low","Floor plate variation, sky lobbies and technical levels make arithmetic assignment unsafe.","Joint owner leasing/legal team","Redacted executed stacking exhibit and approved public disclosure","Mark non-public floors unavailable without inventing boundaries."
"TH2-024","availability","google_term","What is the Google lease term?","verified","10 years with one-time exit after 5 years","years","Google transaction","Q1 2026","Amot Q1-2026 financial statements","https://www.amot.co.il/wp-content/uploads/2026/05/Amot_financial_statements_Q1-2026.pdf","owner financial report","2026-08-10","high","Does not imply the same option is available to another tenant.","Joint owner leasing team","Floor-specific approved term sheet","Label precedent, not offered term."
"TH2-025","availability","google_parking","How much parking is reserved for Google?","verified","Several hundred spaces","spaces","Google transaction","Q1 2026","Amot Q1-2026 financial statements","https://www.amot.co.il/wp-content/uploads/2026/05/Amot_financial_statements_Q1-2026.pdf","owner financial report","2026-08-10","medium","Not exact and reduces the pool available to others; location and type unknown.","Joint owner leasing and parking operator","Executed/redacted parking exhibit and current allocation matrix","Do not imply public parking equals tenant availability."
"TH2-026","floors","published_floor_count","How many total levels are there?","contradicted","75, 77 and 80 are all published","floors","Project/tower; some counts include technical and ground levels","2026-08-10","Gav-Yam ToHaTwo page","https://gav-yam.co.il/en/project/tel-aviv-tohatwo/","owner project page","2026-08-10","high","The same Gav-Yam page contains 77 in narrative and 80 in KPI; Amot says 75; planning permits 80 including technical.","Owner project manager and architect","Current permitted/as-built floor register","Do not make published total equal clickable offices."
"TH2-027","floors","approved_total_levels","What does the approved municipal scheme show?","verified","80 including ground and technical floors","floors","Approved western tower scheme","2021 design approval","Tel Aviv architectural approval protocol","https://www.tel-aviv.gov.il/Residents/Development/DocLib/%D7%A4%D7%A8%D7%95%D7%98%D7%95%D7%A7%D7%95%D7%9C%20%D7%94%D7%97%D7%9C%D7%98%D7%95%D7%AA%2021-0004%20%D7%9E%D7%99%D7%95%D7%9D%2010-2-2021.pdf","official municipal design approval","2026-08-10","high","Approval can change; total includes non-office levels.","Owner project manager and architect","Latest permit/as-built floor register","Use as approved reference only."
"TH2-028","floors","approved_office_bands","Which floor bands were approved as offices?","verified","4-5; 8-21; 24-25 mixed; 28-47; 52-71, subject to mixed/shared program","floors","2021 approved program","2021","Tel Aviv architectural approval protocol","https://www.tel-aviv.gov.il/Residents/Development/DocLib/%D7%A4%D7%A8%D7%95%D7%98%D7%95%D7%A7%D7%95%D7%9C%20%D7%94%D7%97%D7%9C%D7%98%D7%95%D7%AA%2021-0004%20%D7%9E%D7%99%D7%95%D7%9D%2010-2-2021.pdf","official municipal design approval","2026-08-10","high","Approved program is not current availability or as-built use.","Owner project manager and architect","Latest floor-use register and occupancy permit set","Label approved program and require live availability overlay."
"TH2-029","floors","technical_bands","Which levels are technical?","verified","2-3; 22-23; 48-49; 72-78 in the 2021 program","floors","2021 approved program","2021","Tel Aviv architectural approval protocol","https://www.tel-aviv.gov.il/Residents/Development/DocLib/%D7%A4%D7%A8%D7%95%D7%98%D7%95%D7%A7%D7%95%D7%9C%20%D7%94%D7%97%D7%9C%D7%98%D7%95%D7%AA%2021-0004%20%D7%9E%D7%99%D7%95%D7%9D%2010-2-2021.pdf","official municipal design approval","2026-08-10","high","May change in later permit/as-built register.","Owner project manager and architect","Latest floor-use register","Render unselectable and label technical."
"TH2-030","floors","bridge_levels","Where is the bridge to ToHa1?","verified","Levels 26-27 in the 2021 approved program, toward ToHa1 level 26","floors","Approved design","2021","Tel Aviv architectural approval protocol","https://www.tel-aviv.gov.il/Residents/Development/DocLib/%D7%A4%D7%A8%D7%95%D7%98%D7%95%D7%A7%D7%95%D7%9C%20%D7%94%D7%97%D7%9C%D7%98%D7%95%D7%AA%2021-0004%20%D7%9E%D7%99%D7%95%D7%9D%2010-2-2021.pdf","official municipal design approval","2026-08-10","medium","Operating access, security and final as-built configuration are not public.","Owner project manager and building operator","As-built bridge plan and access/security policy","Show as circulation/common space, not generic office."
"TH2-031","floors","sky_lobbies","Where are the sky lobbies?","verified","Levels 24-25 and 50-51 in the 2021 approved program","floors","Approved design","2021","Tel Aviv architectural approval protocol","https://www.tel-aviv.gov.il/Residents/Development/DocLib/%D7%A4%D7%A8%D7%95%D7%98%D7%95%D7%A7%D7%95%D7%9C%20%D7%94%D7%97%D7%9C%D7%98%D7%95%D7%AA%2021-0004%20%D7%9E%D7%99%D7%95%D7%9D%2010-2-2021.pdf","official municipal design approval","2026-08-10","medium","Mixed office/gallery/common program and final access are not confirmed.","Owner project manager and operator","As-built floor plans and operating/access program","Separate common and leasable polygons."
"TH2-032","floors","floor79_program","What is floor 79 used for?","missing","Not identified in the parsed 2021 program table","","Floor 79","2021-2026","Tel Aviv architectural approval protocol","https://www.tel-aviv.gov.il/Residents/Development/DocLib/%D7%A4%D7%A8%D7%95%D7%98%D7%95%D7%A7%D7%95%D7%9C%20%D7%94%D7%97%D7%9C%D7%98%D7%95%D7%AA%2021-0004%20%D7%9E%D7%99%D7%95%D7%9D%2010-2-2021.pdf","official municipal design approval","2026-08-10","low","Do not infer office or technical use.","Owner project manager and architect","Current permitted/as-built floor register","Display Unknown and make unselectable until verified."
"TH2-033","areas","marketed_area","What scale does the latest owner financial report market?","verified","Approximately 156,000","sqm","Above-ground marketed area","Q1 2026","Amot Q1-2026 financial statements","https://www.amot.co.il/wp-content/uploads/2026/05/Amot_financial_statements_Q1-2026.pdf","owner financial report","2026-08-10","high","Not a signed floor-by-floor rentable area schedule.","Joint owner leasing and measurement surveyor","Signed area schedule and measurement standard","Show scope and approximation."
"TH2-034","areas","public_area_figures","What other area figures are published?","contradicted","100,000 net; 143,000 contractor above-ground; 160,000 marketing; 165,000 office/business; 201,000 total","sqm","Different scopes and definitions","2023-2026","Ron Arad ToHa2 page","https://ronarad.com/projects/toha2/","architect project page","2026-08-10","high","These values cannot be merged or compared without measurement definitions.","Owner project manager, architect and measurement surveyor","Reconciliation schedule mapping every published figure to scope","Use named fields, not a single area KPI."
"TH2-035","areas","typical_floor_plate","How large is a typical plate?","owner_claim","Over 30,000 sq ft GFA, approximately 2,787 sqm; owner article separately says 2,500-3,000 sqm","sqm gross","Typical design plate only","2024-2026","Ron Arad ToHa2 page","https://ronarad.com/projects/toha2/","architect project page","2026-08-10","medium","Every floor geometry and area may differ; gross is not usable/rentable.","Owner architect and leasing team","Signed floor-by-floor area schedule and demised plans","Show selected-floor facts only; label typical separately."
"TH2-036","areas","usable_area_by_floor","How much usable space is on a selected floor?","missing","Not publicly verified","sqm","Floor/suite-specific","2026-08-10","Gav-Yam ToHaTwo page","https://gav-yam.co.il/en/project/tel-aviv-tohatwo/","owner project page","2026-08-10","low","Marketing totals cannot answer a suite-level question.","Joint leasing, architect and measurement surveyor","Signed floor area certificate with usable/rentable/gross and measurement standard","Show null plus request document."
"TH2-037","areas","measurement_standard","Which standard determines charged area?","missing","Not publicly verified","","Lease measurement","2026-08-10","Amot Q1-2026 financial statements","https://www.amot.co.il/wp-content/uploads/2026/05/Amot_financial_statements_Q1-2026.pdf","owner financial report","2026-08-10","low","BOMA, IPMS and Israeli lease conventions can produce different areas.","Joint owner leasing/legal team and surveyor","Lease measurement clause, standard/version and signed certificate","Always display standard and load/core factor beside rent."
"TH2-038","areas","orientation_true_north","Which direction does the selected floor face?","missing","No floor-specific georeferenced orientation was publicly verified","degrees true north","Floor/suite","2026-08-10","Ron Arad ToHa2 page","https://ronarad.com/projects/toha2/","architect project page","2026-08-10","low","A render camera is not a compass; floor geometry varies.","Owner BIM manager and architect","Georeferenced as-built IFC/BIM with survey control","Derive compass from BIM, disclose model revision."
"TH2-039","areas","views","What will I see from this floor?","missing","No verified floor/window-specific view study","","Floor, facade bay and future skyline","2026-08-10","Ron Arad ToHa2 page","https://ronarad.com/projects/toha2/","architect project page","2026-08-10","low","Renders do not establish current or protected views.","Owner architect/BIM manager","Georeferenced view study with current and approved massing, dates and obstruction distances","Show ray-cast view cones and render disclaimer."
"TH2-040","commercial","toha2_asking_rent","What is the asking rent for an available floor?","missing","No public verified quote","NIS/sqm/month","Exact floor, condition and term","2026-08-10","Amot ToHa2 asset page","https://www.amot.co.il/en/assets/toha-2-phase-2-of-the-toha-towers-complex-estimated-occupancy-q1-2027/","owner project page","2026-08-10","low","Generic contact form does not provide price, validity or area basis.","Joint Amot/Gav-Yam leasing team","Timestamped approved term sheet for exact floor and area basis","Show Not published and one-click request exact term sheet."
"TH2-041","commercial","google_annual_rent","What is the latest disclosed Google package rent?","verified","Approximately 120,000,000 per year, index-linked","NIS/year","Google package including office and several hundred parking spaces, shell/core","Q1 2026","Amot Q1-2026 financial statements","https://www.amot.co.il/wp-content/uploads/2026/05/Amot_financial_statements_Q1-2026.pdf","owner financial report","2026-08-10","high","Older article says NIS115m; package cannot be divided by area to derive ToHa2 asking rent.","Joint owner leasing/legal team","Executed/redacted economic schedule if used as a precedent","Label package scope and current as-of; no unit-price calculation."
"TH2-042","commercial","market_asking_benchmark","What is the nearby market asking-rent benchmark?","verified","129","NIS/sqm/month","Yigal Alon vicinity average asking rent in H2 2025 survey","H2 2025","C&W Inter Israel office market report","https://fliphtml5.com/dixys/rxoj/","reputable market research","2026-08-10","medium","Benchmark generally reflects fitted space and is not a ToHa2 quote or valuation.","C&W Inter Israel for report; owner for offer","Current comparable-set methodology and owner term sheet","Clearly label benchmark, survey period and fit-out assumption."
"TH2-043","commercial","service_charge","What are management/service charges?","missing","Not publicly verified","NIS/sqm/month","Exact premises and cost year","2026-08-10","Amot ToHa2 asset page","https://www.amot.co.il/en/assets/toha-2-phase-2-of-the-toha-towers-complex-estimated-occupancy-q1-2027/","owner project page","2026-08-10","low","No budget, exclusions, cap or reconciliation method is public.","Owner asset/building manager","Annual service-charge budget, allocation formula, exclusions, cap, audit and reconciliation rules","Include in monthly TCO with source and validity."
"TH2-044","commercial","parking_price","What does each parking space cost?","missing","Not publicly verified","NIS/space/month","Tenant, visitor and public parking","2026-08-10","Gav-Yam Google transaction article","https://gav-yam.co.il/en/the-largest-rental-deal-in-israel-google-will-rent-a-third-of-the-toha2-tower-in-tel-aviv-for-115-million-shekels-per-year/","owner transaction article","2026-08-10","low","Google receives several hundred spaces but no current tenant/public tariff is disclosed.","Owner leasing team and parking operator","Current rate card, allocation rules and tax treatment","Display price by parking type and contract status."
"TH2-045","commercial","fitout_allowance","What landlord fit-out contribution is offered?","missing","Not publicly verified","NIS/sqm","Exact transaction","2026-08-10","C&W Inter Israel office market report","https://fliphtml5.com/dixys/rxoj/","reputable market research","2026-08-10","low","Market report average landlord participation is not a ToHa2 offer.","Joint owner leasing team","Floor-specific approved term sheet and landlord work letter","Separate market context from offered TI and rent-free."
"TH2-046","commercial","delivery_condition","Is the premises shell, CAT A or fitted?","missing","Google package is described as shell/core; other inventory condition not public","","Floor-specific","Q1 2026","Amot Q1-2026 financial statements","https://www.amot.co.il/wp-content/uploads/2026/05/Amot_financial_statements_Q1-2026.pdf","owner financial report","2026-08-10","low","Google condition cannot be applied to another floor.","Joint owner leasing/project team","Floor condition survey, landlord work letter and photos","Show condition per floor with dated actual imagery."
"TH2-047","commercial","arnona_standard_zone1","What is the 2026 standard office arnona rate if zone 1 applies?","verified","449.78 per year, approximately 37.48 per month","NIS/sqm","Tel Aviv non-residential zone 1 tariff, not a unit assessment","2026","Tel Aviv 2026 arnona order","https://www.tel-aviv.gov.il/Residents/Arnona/Documents/%D7%97%D7%95%D7%91%D7%A8%D7%AA%20%D7%A6%D7%95%20%D7%94%D7%90%D7%A8%D7%A0%D7%95%D7%A0%D7%94%20%D7%9C%D7%A9%D7%A0%D7%AA%202026.pdf","official municipal tax order","2026-08-10","high","Zone and municipal measured area must be confirmed for the exact unit.","Tel Aviv municipality and tenant tax adviser","Unit assessment, zone map result and measured area","Present scenario, not guaranteed bill."
"TH2-048","commercial","arnona_software","Could a software company qualify for a lower arnona classification?","verified","196.49 per year, approximately 16.37 per month for qualifying software houses","NIS/sqm","Tariff category citywide; eligibility fact-specific","2026","Tel Aviv 2026 arnona order","https://www.tel-aviv.gov.il/Residents/Arnona/Documents/%D7%97%D7%95%D7%91%D7%A8%D7%AA%20%D7%A6%D7%95%20%D7%94%D7%90%D7%A8%D7%A0%D7%95%D7%A0%D7%94%20%D7%9C%D7%A9%D7%A0%D7%AA%202026.pdf","official municipal tax order","2026-08-10","high","A startup is not automatically eligible; principal activity and assessment matter.","Tel Aviv municipality and tenant tax adviser","Written classification determination or precedent and unit assessment","Use eligibility questionnaire and conservative base case."
"TH2-049","commercial","total_occupancy_cost","What is the all-in monthly cost?","missing","Cannot be calculated from public facts","NIS/month","Exact floor, term and company","2026-08-10","Amot ToHa2 asset page","https://www.amot.co.il/en/assets/toha-2-phase-2-of-the-toha-towers-complex-estimated-occupancy-q1-2027/","owner project page","2026-08-10","low","Rent, charged area, index, service charge, parking, utilities, after-hours HVAC, TI and VAT are absent.","Joint leasing, building manager, municipality and tenant advisers","Term sheet, area certificate, service budget, tariffs, unit assessment and tax treatment","Show low/base/high TCO only when every input is sourced."
"TH2-050","structure","gross_floor_height_control","What height does planning allow for a typical employment floor?","verified","Maximum 3.8 gross floor height","m","Planning control for typical employment floor","Statutory plan","Statutory plan regulations","https://apps.land.gov.il/IturTabotData/takanonim-h/telmer/5050425.pdf","official planning document","2026-08-10","high","Gross floor-to-floor control is not clear finished ceiling height.","Owner architect/project manager","Stamped as-built section and finish-zone schedule","Never label 3.8 m as clear ceiling height."
"TH2-051","structure","clear_ceiling_height","What is the clear finished ceiling height on this floor?","missing","Not publicly verified","m","Floor/suite and delivery condition","2026-08-10","Statutory plan regulations","https://apps.land.gov.il/IturTabotData/takanonim-h/telmer/5050425.pdf","official planning document","2026-08-10","low","Planning gross height cannot answer this.","Owner architect/project manager","Floor-specific as-built sections and tenant technical handbook","Show floor-specific value and lowest obstruction."
"TH2-052","structure","floor_load","Can the floor support dense offices, labs or compact storage?","missing","Live, concentrated and partition loads not public","kPa or kg/sqm","Floor and use specific","2026-08-10","Ron Arad ToHa2 page","https://ronarad.com/projects/toha2/","architect project page","2026-08-10","low","Typical plate area says nothing about structural capacity.","Owner project manager and structural engineer","Stamped tenant structural criteria and floor-by-floor load schedule","Expose load, vibration and penetration limits before fit-out design."
"TH2-053","structure","grid_core","What are the column grid and core dimensions?","missing","Not publicly verified","m","Selected floor","2026-08-10","Ron Arad ToHa2 page","https://ronarad.com/projects/toha2/","architect project page","2026-08-10","low","Central-core design claim lacks dimensioned floor plan.","Owner architect/BIM manager","Revision-controlled CAD/BIM and demised plan","Allow test-fit on real geometry, not a generic plate."
"TH2-054","power","tenant_power","How much normal and critical power is allocated?","missing","Not publicly verified","W/sqm or kVA","Selected floor/tenant","2026-08-10","Tel Aviv architectural approval protocol","https://www.tel-aviv.gov.il/Residents/Development/DocLib/%D7%A4%D7%A8%D7%95%D7%98%D7%95%D7%A7%D7%95%D7%9C%20%D7%94%D7%97%D7%9C%D7%98%D7%95%D7%AA%2021-0004%20%D7%9E%D7%99%D7%95%D7%9D%2010-2-2021.pdf","official municipal design approval","2026-08-10","low","Basement transformer locations do not establish tenant capacity.","Owner MEP engineer and building operator","MEP basis of design, load allocation and final single-line diagrams","Show normal/critical allocation and expansion headroom."
"TH2-055","power","utility_redundancy","Are there dual utility feeds?","missing","Not publicly verified","","Base building","2026-08-10","Gav-Yam ToHaTwo page","https://gav-yam.co.il/en/project/tel-aviv-tohatwo/","owner project page","2026-08-10","low","No topology or utility confirmation public.","Owner MEP engineer and utility","Utility letters and final single-line diagram","Use verified topology, not resilient-building language."
"TH2-056","power","generator","What does emergency generation cover and for how long?","missing","Capacity, N+1, coverage, runtime and refueling not public","kVA and hours","Base building and tenant critical loads","2026-08-10","Gav-Yam ToHaTwo page","https://gav-yam.co.il/en/project/tel-aviv-tohatwo/","owner project page","2026-08-10","low","No public basis for generator or UPS claims.","Owner MEP engineer and operator","Generator/ATS schedule, fuel/runtime calculation, critical-load matrix and load-bank tests","Show actual covered loads, runtime and test date."
"TH2-057","power","ups","Is tenant UPS supplied?","missing","Not publicly verified","kVA and minutes","Base building versus tenant scope","2026-08-10","Gav-Yam ToHaTwo page","https://gav-yam.co.il/en/project/tel-aviv-tohatwo/","owner project page","2026-08-10","low","UPS may be tenant work; public material is silent.","Owner MEP engineer and leasing team","Landlord work letter, UPS schedule and tenant responsibility matrix","State landlord/tenant responsibility explicitly."
"TH2-058","hvac","system_and_capacity","What HVAC system and capacity serve my floor?","missing","Not publicly verified","W/sqm or tons","Floor and operating zone","2026-08-10","Gav-Yam ToHaTwo page","https://gav-yam.co.il/en/project/tel-aviv-tohatwo/","owner project page","2026-08-10","low","Sustainability claims do not disclose design capacity.","Owner MEP engineer and operator","Mechanical basis of design, schedules and commissioning reports","Show system, capacity, outside air and constraints per floor."
"TH2-059","hvac","after_hours","Can we operate 24/7 and what does after-hours HVAC cost?","missing","Hours, zones, notice and tariff not public","NIS/hour or zone","Selected floor/tenant","2026-08-10","Amot ToHa2 asset page","https://www.amot.co.il/en/assets/toha-2-phase-2-of-the-toha-towers-complex-estimated-occupancy-q1-2027/","owner project page","2026-08-10","low","Critical for US/Israel time-zone overlap and servers.","Building operator and leasing team","Operating manual, after-hours HVAC rate card and SLA","Include in TCO and floor fact panel."
"TH2-060","hvac","server_room_cooling","Is 24/7 supplemental cooling allowed?","missing","Not publicly verified","kW","Tenant server/IT rooms","2026-08-10","Gav-Yam ToHaTwo page","https://gav-yam.co.il/en/project/tel-aviv-tohatwo/","owner project page","2026-08-10","low","Heat rejection, condenser location, redundancy and metering unknown.","Owner MEP engineer and operator","Tenant supplemental-cooling criteria and capacity allocation","Capture IT load in qualification flow."
"TH2-061","hvac","air_quality","What outside air, filtration and IAQ performance is provided?","missing","Not publicly verified","L/s/person, ACH or filter rating","Base building/floor","2026-08-10","Gav-Yam ToHaTwo page","https://gav-yam.co.il/en/project/tel-aviv-tohatwo/","owner project page","2026-08-10","low","LEED-target language is not an IAQ specification.","Owner MEP/sustainability team","Ventilation/filtration spec, IAQ plan and commissioning report","Show quantitative criteria and certification scope."
"TH2-062","telecom","carriers","Which fiber carriers are in the building?","missing","No verified carrier roster","","ToHa2 base building","2026-08-10","Amot ToHa2 asset page","https://www.amot.co.il/en/assets/toha-2-phase-2-of-the-toha-towers-complex-estimated-occupancy-q1-2027/","owner project page","2026-08-10","low","No MMR, riser, route diversity, lead time or cross-connect price is public.","Building operator and carriers","Carrier LOAs, MMR/riser diagrams, rate card and lead-time table","Filter by carrier and show order SLA."
"TH2-063","telecom","fiber_diversity","Are two physically diverse fiber routes available?","missing","Not publicly verified","route count","Tenant to external network","2026-08-10","Amot ToHa2 asset page","https://www.amot.co.il/en/assets/toha-2-phase-2-of-the-toha-towers-complex-estimated-occupancy-q1-2027/","owner project page","2026-08-10","low","Two carrier names can share one duct; diversity requires route evidence.","Building operator, MEP/low-voltage consultant and carriers","Georeferenced diverse-route drawing and carrier confirmation letters","Show verified physical separation, not number of logos."
"TH2-064","vertical_transport","elevator_system","What elevator system is planned?","owner_claim","70 elevators and 4 escalators; three vertical sections; double-deck shuttles; 36 MRL; two large freight elevators","","Project system overview","April 2026","Electra Times April 2026","https://digitaler.cld.bz/electra-times3/25/","project supplier publication","2026-08-10","medium","Older Electra item says 60; final as-built schedule and commissioning not public.","Owner operator and Electra/OTIS","Final elevator schedule and commissioning report","Label latest supplier figure with revision date."
"TH2-065","vertical_transport","floor_bank","Which elevator bank serves my floor and where do I transfer?","missing","Not publicly verified","","Floor-specific journey","2026-08-10","Electra Times April 2026","https://digitaler.cld.bz/electra-times3/25/","project supplier publication","2026-08-10","low","System overview does not disclose floor-bank matrix or access rules.","Building operator and Electra/OTIS","Final floor-bank matrix, wayfinding and access-control logic","Animate actual journey and transfer count on floor click."
"TH2-066","vertical_transport","wait_time","What will peak elevator waiting time be?","missing","Not publicly verified","seconds","Floor/peak population scenario","2026-08-10","Electra Times April 2026","https://digitaler.cld.bz/electra-times3/25/","project supplier publication","2026-08-10","low","Marketing worker count is not a vertical-transport study.","Owner operator and vertical-transport consultant","Traffic study, handling capacity assumptions and commissioning measurements","Show design scenario, not a promise unless SLA exists."
"TH2-067","vertical_transport","freight_elevator","Can we move racks and furniture to the selected floor?","owner_claim","Two large high-speed freight elevators described","","Project system overview","April 2026","Electra Times April 2026","https://digitaler.cld.bz/electra-times3/25/","project supplier publication","2026-08-10","medium","Dimensions, capacity, route, booking and floor service not public.","Building operator and Electra/OTIS","Final elevator schedule, car/door dimensions, floor service and booking manual","Show size, route, hours and booking CTA."
"TH2-068","life_safety","oeo","Can elevators support emergency evacuation?","owner_claim","OTIS OEO system integrated with fire detection is described","","Project elevator system","April 2026","Electra Times April 2026","https://digitaler.cld.bz/electra-times3/25/","project supplier publication","2026-08-10","medium","Supplier claim is not final approved life-safety strategy or tenant procedure.","Owner fire consultant, operator and Electra/OTIS","Approved fire strategy, OEO sequence and commissioning/authority approval","Explain emergency journey only from approved procedure."
"TH2-069","life_safety","protected_spaces","Where are protected spaces/shelters and how many people do they serve?","missing","Not publicly verified","people and meters","Floor-specific","2026-08-10","Tel Aviv architectural approval protocol","https://www.tel-aviv.gov.il/Residents/Development/DocLib/%D7%A4%D7%A8%D7%95%D7%98%D7%95%D7%A7%D7%95%D7%9C%20%D7%94%D7%97%D7%9C%D7%98%D7%95%D7%AA%2021-0004%20%D7%9E%D7%99%D7%95%D7%9D%2010-2-2021.pdf","official municipal design approval","2026-08-10","low","Critical in Israel; broad planning compliance is insufficient.","Owner fire/protection consultant and operator","Approved protected-space schedule, capacity, routes and operating procedure","Show distance/capacity on every floor card."
"TH2-070","parking","statutory_public_minimum","What parking does the plan require?","verified","At least 900 public spaces in addition to standard-required parking","spaces","Plan-wide statutory scheme","Statutory plan","Statutory plan regulations","https://apps.land.gov.il/IturTabotData/takanonim-h/telmer/5050425.pdf","official planning document","2026-08-10","high","Not proof of delivered ToHa2 stalls, total stalls or tenant availability.","Owner project manager, municipality and parking operator","As-built parking schedule and allocation matrix","Label statutory plan-wide minimum only."
"TH2-071","parking","gav_page_950","Does ToHa2 have 950 parking stalls?","contradicted","Do not attribute 950 to ToHa2","spaces","Likely ToHa1/complex content block","2026-08-10","Gav-Yam ToHaTwo page","https://gav-yam.co.il/en/project/tel-aviv-tohatwo/","owner project page","2026-08-10","high","The same block cites 55,000 sqm and four parking floors, indicating ToHa1 scope contamination.","Gav-Yam content owner and project manager","Corrected scoped KPI dataset and as-built parking schedule","Remove contaminated block until scope is proven."
"TH2-072","parking","complex_parking_claim","How many spaces are claimed across both towers?","owner_claim","Approximately 1,500","spaces","ToHa1 and ToHa2 combined","2024 article","Gav-Yam Google transaction article","https://gav-yam.co.il/en/the-largest-rental-deal-in-israel-google-will-rent-a-third-of-the-toha2-tower-in-tel-aviv-for-115-million-shekels-per-year/","owner transaction article","2026-08-10","medium","Not current inventory and Google reserves several hundred.","Joint owner and parking operator","Current as-built complex schedule and allocation matrix","Do not show as ToHa2 available parking."
"TH2-073","parking","tenant_parking_availability","How many spaces can my company lease?","missing","Not publicly verified","spaces","Specific transaction","2026-08-10","Gav-Yam Google transaction article","https://gav-yam.co.il/en/the-largest-rental-deal-in-israel-google-will-rent-a-third-of-the-toha2-tower-in-tel-aviv-for-115-million-shekels-per-year/","owner transaction article","2026-08-10","low","Public and plan-wide totals do not establish residual tenant inventory.","Joint leasing team and parking operator","Current allocation matrix, offer and wait-list rules","Show offered ratio and exact quantity in term sheet."
"TH2-074","parking","ev_accessible_bicycle","How many EV, accessible, bicycle and motorcycle spaces exist?","missing","Not publicly verified","spaces","Final ToHa2 operation","2026-08-10","Tel Aviv architectural approval protocol","https://www.tel-aviv.gov.il/Residents/Development/DocLib/%D7%A4%D7%A8%D7%95%D7%98%D7%95%D7%A7%D7%95%D7%9C%20%D7%94%D7%97%D7%9C%D7%98%D7%95%D7%AA%2021-0004%20%D7%9E%D7%99%D7%95%D7%9D%2010-2-2021.pdf","official municipal design approval","2026-08-10","low","Bike rooms are contemplated in upper basements, but final counts/access are absent.","Owner project manager and parking/operator team","As-built parking/bicycle schedule, charger capacity and accessibility plan","Filter by mode and show availability, access and cost."
"TH2-075","logistics","loading_dock","How do deliveries and moves work?","missing","Basement loading/operations planned; final details not public","","Loading and courier journey","2026-08-10","Tel Aviv architectural approval protocol","https://www.tel-aviv.gov.il/Residents/Development/DocLib/%D7%A4%D7%A8%D7%95%D7%98%D7%95%D7%A7%D7%95%D7%9C%20%D7%94%D7%97%D7%9C%D7%98%D7%95%D7%AA%2021-0004%20%D7%9E%D7%99%D7%95%D7%9D%2010-2-2021.pdf","official municipal design approval","2026-08-10","low","No dock count, clearance, hours, route or booking SLA.","Owner logistics consultant and operator","Approved logistics plan, dock dimensions, freight route and move-in manual","Provide booking flow and dimensional fit check."
"TH2-076","security","access_control","Can employees and visitors access the building 24/7?","missing","Not publicly verified","","Base building and tenant zones","2026-08-10","Amot ToHa2 asset page","https://www.amot.co.il/en/assets/toha-2-phase-2-of-the-toha-towers-complex-estimated-occupancy-q1-2027/","owner project page","2026-08-10","low","No staffing, badge, visitor, CCTV or after-hours SLA is public.","Owner security consultant and building operator","Security CONOPS, staffing SLA, access-control/visitor API spec and privacy policy","Show hours, visitor process and integration capability."
"TH2-077","accessibility","floor_journey","Is the route from transit/parking to my floor fully accessible?","missing","Not publicly verified","","Continuous origin-to-desk journey","2026-08-10","Tel Aviv architectural approval protocol","https://www.tel-aviv.gov.il/Residents/Development/DocLib/%D7%A4%D7%A8%D7%95%D7%98%D7%95%D7%A7%D7%95%D7%9C%20%D7%94%D7%97%D7%9C%D7%98%D7%95%D7%AA%2021-0004%20%D7%9E%D7%99%D7%95%D7%9D%2010-2-2021.pdf","official municipal design approval","2026-08-10","low","Design compliance does not prove final step-free route through security/elevator transfers.","Owner accessibility consultant and operator","Final accessibility certificate, route plan and lift/control/WC/refuge schedules","Offer step-free routing and disclose outages."
"TH2-078","sustainability","leed_claim","Is ToHa2 LEED Platinum certified?","owner_claim","Owner says the project meets LEED Platinum standards","","Exact certification scope not disclosed","2026-08-10","Gav-Yam ToHaTwo page","https://gav-yam.co.il/en/project/tel-aviv-tohatwo/","owner project page","2026-08-10","medium","No public final GBCI certificate, scorecard or exact project ID was located; directory absence is not conclusive.","Owner sustainability lead and LEED AP","Final GBCI certificate, project ID, rating system/version, date, scope and scorecard","Use designed-to-meet wording until final exact-scope certificate."
"TH2-079","sustainability","israel_5281","What Israel 5281 certificate does ToHa2 hold?","missing","No obvious exact-scope 80-floor ToHa2 record found by address/block searches","","ToHa2 exact scope","2026-08-10","Israel green-buildings API","https://data.gov.il/api/3/action/datastore_search?resource_id=7f467a30-58cd-44b5-86f0-d570cc7d25ad","official government open-data API","2026-08-10","medium","Absence may reflect construction stage, naming, confidentiality or dataset lag; not proof of non-compliance.","Owner sustainability lead and authorized laboratory","SI 5281 Stage A/B certificates with exact building scope","Show certificate number, stage and scope only when supplied."
"TH2-080","sustainability","toha1_contamination","Can ToHa1 green-performance facts be used for ToHa2?","contradicted","No","","ToHa1 versus ToHa2","2026-08-10","Israel Green Building Council ToHa tour","https://ilgbc.org/course/%D7%A1%D7%99%D7%95%D7%A8-%D7%9C%D7%9E%D7%92%D7%93%D7%9C-%D7%AA%D7%95%D7%A6%D7%A8%D7%AA-%D7%94%D7%90%D7%A8%D7%A5-toha-2/","industry council page","2026-08-10","high","Tour facts concern completed ToHa1; Gav ToHa2 page also mixes a 55,000 sqm block likely from ToHa1.","Gav-Yam content owner and sustainability lead","Building-scoped KPI and certificate dataset","Bind every sustainability fact to building_id and certificate scope."
"TH2-081","transit","gtfs_snapshot","How fresh was the official transport dataset used?","verified","Static GTFS directory file updated 2026-08-09 20:13","timestamp","National transit feed","2026-08-09","Ministry of Transport GTFS directory","https://gtfs.mot.gov.il/gtfsfiles/","official transport data","2026-08-10","high","Static schedule feed is not live disruption or capacity data.","Ministry of Transport; website data operator","Nightly GTFS ingest plus approved real-time feed","Show feed timestamp and disruption source."
"TH2-082","transit","nearest_bus_stop","How close is the nearest scheduled bus stop point?","derived","Approximately 45 straight-line","m","From municipal HaShalom 1 point to stop ID 13056 Yigal Alon/HaShalom","2026-08-10 service snapshot","Ministry of Transport GTFS directory","https://gtfs.mot.gov.il/gtfsfiles/","official transport data plus geospatial calculation","2026-08-10","high","Not entrance-to-stop walking distance, time, crossing or accessible route.","Website mapping/data owner and owner project manager","Nightly GTFS plus verified entrance and pedestrian routing API","Label straight-line until verified walking route exists."
"TH2-083","transit","hashalom_rail_distance","How close is Tel Aviv HaShalom rail stop?","derived","Approximately 209 straight-line","m","From municipal HaShalom 1 point to GTFS stop ID 37350","2026-08-10 service snapshot","Ministry of Transport GTFS directory","https://gtfs.mot.gov.il/gtfsfiles/","official transport data plus geospatial calculation","2026-08-10","high","Station entrance, crossings and step-free route may make walking longer.","Website mapping/data owner and owner project manager","Verified entrance-to-entrance pedestrian route and live rail API","Show accessible and standard walking routes separately."
"TH2-084","transit","shaul_redline_distance","How close is the operating Red Line?","derived","Approximately 512 straight-line","m","From municipal HaShalom 1 point to Shaul HaMelech stop points","2026-08-10 service snapshot","NTA Shaul HaMelech station","https://www.nta.co.il/en/light-rail/red-line/shaul-hamelekh/","official transport page plus geospatial calculation","2026-08-10","high","Not entrance-to-entrance walking route; station entrances differ in accessibility.","Website mapping/data owner","Verified entrance routing and NTA operational feed","Route to correct station entrance and label accessibility."
"TH2-085","transit","nearby_bus_routes","Which routes serve the five nearest stop points?","derived","7;8;23;36;37;46;51;54;56;59;62;64;91;116;166;278;472;473;477;478;814","route numbers","Five nearest stop points, 45-211 m straight-line, active calendar 2026-08-10","2026-08-10","Ministry of Transport GTFS directory","https://gtfs.mot.gov.il/gtfsfiles/","official transport data plus query","2026-08-10","high","Does not promise frequency, capacity, future routing, first/last service or accessibility.","Website transport data owner","Nightly GTFS and real-time service API","Generate by day/time and show freshness."
"TH2-086","transit","airport_intercity","Can employees reach the airport and other cities by rail?","verified","GTFS snapshot includes HaShalom rail service on corridors to Ben Gurion Airport, Jerusalem, Haifa, Herzliya and Be'er Sheva","","Scheduled service network from HaShalom","2026-08-10","Israel Railways HaShalom station","https://www.rail.co.il/en/stations/tel-aviv-hashalom","official rail page and GTFS","2026-08-10","medium","Trip, transfer and timetable vary; use official live journey planning.","Israel Railways and website transport data owner","Official live schedule/disruption API","Offer trip-specific journey, not static destination promise."
"TH2-087","transit","future_metro","Is a metro operating at HaShalom?","future","No; an official future metro station is planned in the area","","Future planning context","Planning document current in portal","Official metro planning appendix","https://apps.land.gov.il/IturTabotData/nispachim/telmer/5050583/63_2.pdf","official planning document","2026-08-10","high","Must not be blended with operating rail, bus or Red Line service.","Planning authority/NTA","Current approved schedule and status source","Use Planned badge, source date and no current commute calculation."
"TH2-088","traffic","yigal_alon_peak_speed","What do official road data say near the site?","derived","Segment 507-13629 averages about 10.8/11.1/7.9/7.0 km/h SW at 08:00/09:00/15:00/16:00 and 5.9/5.1/5.25/5.57 km/h NE","km/h","June-2026 weekday hourly monthly means near municipal reference point","June 2026","Tel Aviv June-2026 traffic-speed layer","https://gisn.tel-aviv.gov.il/ArcGIS/rest/services/OpenData/segs_kph_monthly_Jun2026_wm/MapServer/1","official municipal traffic data plus query","2026-08-10","high","Segment monthly mean is not door-to-door travel time or live traffic.","Tel Aviv municipality and website mobility-data owner","Monthly municipal data plus approved live-routing API and verified garage entrance","Show peak/off-peak P50/P90 scenarios and data method."
"TH2-089","traffic","road_access_claim","Does proximity to Ayalon guarantee an easy car commute?","verified","No; nearby official segment means show severe peak congestion risk","","Local road access","June 2026","Tel Aviv traffic-speed query API","https://gisn.tel-aviv.gov.il/ArcGIS/rest/services/OpenData/segs_kph_monthly_Jun2026_wm/MapServer/1/query","official municipal traffic API","2026-08-10","high","Access is geographically strong but travel-time reliability remains route/time dependent.","Website mobility-data owner","Live route API, garage-entry queue data and origin scenarios","Compare car against transit and disclose variability."
"TH2-090","amenities","planned_common_uses","What amenities were contemplated in the approved design?","verified","Restaurant/leisure, gym, auditorium and synagogue uses were contemplated in common/sky-lobby areas","","2021 design program","2021","Tel Aviv architectural approval protocol","https://www.tel-aviv.gov.il/Residents/Development/DocLib/%D7%A4%D7%A8%D7%95%D7%98%D7%95%D7%A7%D7%95%D7%9C%20%D7%94%D7%97%D7%9C%D7%98%D7%95%D7%AA%2021-0004%20%D7%9E%D7%99%D7%95%D7%9D%2010-2-2021.pdf","official municipal design approval","2026-08-10","medium","Contemplated uses are not operators, opening dates or tenant entitlements.","Owner asset manager","Executed operator roster, opening schedule, capacities, access and fees","Label planned/contracted/open distinctly."
"TH2-091","amenities","operator_roster","Which ToHa2 amenities will actually open?","missing","No verified operator roster or opening schedule","","ToHa2 operating amenities","2026-08-10","Gav-Yam ToHaTwo page","https://gav-yam.co.il/en/project/tel-aviv-tohatwo/","owner project page","2026-08-10","low","Marketing categories do not establish lease, hours, capacity or access.","Owner asset manager","Executed operator roster, opening milestones, access policy and service-charge treatment","Show operator, status, hours, access and evidence."
"TH2-092","area_context","azrieli_mall","Is a major retail center nearby?","verified","Azrieli Mall is listed at 132 Menachem Begin Road with an official store directory","","Nearby identity anchor","2026-08-10","Azrieli malls list","https://www.azrielimalls.co.il/malls","official operator page","2026-08-10","high","No verified ToHa2 entrance-to-mall route/time was calculated.","Website POI/mapping owner","Official POI ingest plus verified pedestrian routing","Show entrance-to-entrance route, hours and accessibility."
"TH2-093","area_context","assuta_clinic","What medical care is nearby?","verified","Assuta clinical presence is listed at 96 Yigal Alon","","Nearby identity anchor","2026-08-10","Assuta doctor/clinic page","https://doctors.assuta.co.il/doctor/hrhe-mendlblom-114138?readmore=true","official healthcare provider page","2026-08-10","medium","This does not establish 24/7 emergency department, urgent care, services or hours.","Website POI owner and provider","Official facility directory, services, hours and emergency-status source","Use precise facility type; never label hospital/ER without evidence."
"TH2-094","area_context","business_hotel","Is a business hotel nearby?","verified","Crowne Plaza Tel Aviv City Center lists 136 Menachem Begin Road","","Nearby identity anchor","2026-08-10","IHG Crowne Plaza directions","https://www.ihg.com/crowneplaza/hotels/us/en/tel-aviv/tlvcc/hoteldetail/directions","official hotel page","2026-08-10","high","No verified walk route/time or corporate rate is included.","Website POI/mapping owner and hotel","Official hotel details plus verified routing","Show route, current operation and booking link."
"TH2-095","area_context","toha1_food_garden","What is already operating in the existing ToHa complex?","owner_claim","ToHa1 official site describes restaurant/cafe/garden uses","","Existing ToHa1 complex, not ToHa2","2026-08-10","ToHa existing-building page","https://toha.gav-yam.co.il/toha-building/","owner complex page","2026-08-10","medium","Does not prove ToHa2 amenity, hours, capacity or tenant access.","Gav-Yam complex asset manager","Current operator roster, hours and access rules","Label same-complex and open status; never call it ToHa2 amenity."
"TH2-096","area_context","poi_completeness","Does the area map answer food, grocery, pharmacy, health, hotel, childcare, bank and late-night needs?","missing","No complete verified one-click inventory found","","5/10/15-minute accessible walksheds","2026-08-10","Amot ToHa2 asset page","https://www.amot.co.il/en/assets/toha-2-phase-2-of-the-toha-towers-complex-estimated-occupancy-q1-2027/","owner project page","2026-08-10","low","Current vicinity content has no consistent route, distance, source, hours or open/planned state and includes irrelevant entries.","Website POI/data owner","Official POI sources, routing API, opening-hours feed and manual QA","Show what is missing as well as positive pins."
"TH2-097","legal","standard_lease","What legal terms will govern the premises?","missing","No public standard lease/data room","","Specific transaction","2026-08-10","Amot ToHa2 asset page","https://www.amot.co.il/en/assets/toha-2-phase-2-of-the-toha-towers-complex-estimated-occupancy-q1-2027/","owner project page","2026-08-10","low","No public assignment, sublease, change-of-control, casualty, delay, guarantee or reinstatement terms.","Owner counsel and tenant counsel","Standard lease and all exhibits, rights/authority and lender documents","Show document index; gate sensitive files behind NDA."
"TH2-098","fitout","work_letter","What exactly will the landlord deliver?","missing","No public floor-specific work letter","","Selected floor","2026-08-10","Amot Q1-2026 financial statements","https://www.amot.co.il/wp-content/uploads/2026/05/Amot_financial_statements_Q1-2026.pdf","owner financial report","2026-08-10","low","Google shell/core statement does not define another tenant's delivery.","Owner leasing/project/legal team","Landlord work letter, finish schedule, responsibility matrix and handover protocol","Attach to floor card and cost model."
"TH2-099","fitout","fitout_rules","How may our designers and contractors work in the building?","missing","No public fit-out manual","","Tenant design and construction","2026-08-10","Amot ToHa2 asset page","https://www.amot.co.il/en/assets/toha-2-phase-2-of-the-toha-towers-complex-estimated-occupancy-q1-2027/","owner project page","2026-08-10","low","Review SLA, permits, contractor rules, logistics, deposits and BIM standards unknown.","Owner project manager and building operator","Tenant fit-out handbook, approval SLA, permit matrix, logistics manual and BIM standard","Provide searchable handbook and requirement checklist."
"TH2-100","ux_governance","floor_data_source","What system should drive a clickable floor?","missing","No public authenticated floor inventory/API","","Website data governance","2026-08-10","Amot ToHa2 asset page","https://www.amot.co.il/en/assets/toha-2-phase-2-of-the-toha-towers-complex-estimated-occupancy-q1-2027/","owner project page","2026-08-10","low","A 3D level geometry is not availability, program or contractual area.","Joint owner product/data owner and leasing operations","CRM/BIM floor API with states, revisions, approver and expiry","Only render selectable when authenticated record exists."
"TH2-101","ux_governance","availability_freshness","How fresh must availability be?","recommended","Maximum 24 hours before automatic expiry","hours","Public floor inventory","2026-08-10","Amot Q1-2026 financial statements","https://www.amot.co.il/wp-content/uploads/2026/05/Amot_financial_statements_Q1-2026.pdf","audit recommendation","2026-08-10","high","Recommendation, not owner practice; negotiations change faster than quarterly reports.","Joint owner leasing operations and website product owner","CRM webhook/API, approval workflow and audit log","Show verified time and expire stale availability."
"TH2-102","ux_governance","unknown_handling","How should absent facts render?","recommended","Use null plus reason, answer owner and exact requested document; never zero or generic default","","All decision fields","2026-08-10","ToHa2 public-source gap analysis","https://www.amot.co.il/en/assets/toha-2-phase-2-of-the-toha-towers-complex-estimated-occupancy-q1-2027/","audit recommendation","2026-08-10","high","Required to prevent invented specifications and false certainty.","Website product/data owner","Field-level provenance schema and missing-data workflow","Keep unknown in-place with one-click request."
"TH2-103","leads","floor_context_capture","Will a lead preserve the exact floor and question?","missing","No public evidence of floor-level requirement capture and case tracking","","Buyer inquiry journey","2026-08-10","Gav-Yam ToHaTwo page","https://gav-yam.co.il/en/project/tel-aviv-tohatwo/","owner project page","2026-08-10","low","Generic forms risk losing floor, technical requirement and document request context.","Joint owner CRM/product owner and leasing operations","Lead-routing map, CRM field schema, SLA, case ID and audit trail","Prefill building, floor, missing field and requested document."
"TH2-104","leads","answer_routing","Who answers commercial, technical and legal questions?","missing","Named functional owners and response SLA not public","","Buyer support","2026-08-10","Amot ToHa2 asset page","https://www.amot.co.il/en/assets/toha-2-phase-2-of-the-toha-towers-complex-estimated-occupancy-q1-2027/","owner project page","2026-08-10","low","Amot page leaves general-manager identity/contact blank.","Joint owner asset manager","Published responsibility matrix, CRM routing rules and service SLA","Return case ID, accountable team, due date and status page."
